id,first_name,last_name,email,password,user_role
1,Celestina,Lapping,clapping0@thetimes.co.uk,cQ2{&hT9,CLUB_TRAINER
2,Saundra,Cready,scready1@unicef.org,qK2_TS~D'NzK@C,CLUB_TRAINER
3,Malvin,Bumford,mbumford2@columbia.edu,tS8|kfMY,NATIONAL_TRAINER
4,Vicki,Anshell,vanshell3@w3.org,cX9`$g6sfxqe{,CLUB_TRAINER
5,Ofella,O'Mailey,oomailey4@drupal.org,uV6.|gsX,CLUB_TRAINER
6,Bord,Wallentin,bwallentin5@utexas.edu,pM2*h\G=,CLUB_TRAINER
7,Annabella,Battle,abattle6@arstechnica.com,xS3=0$.!IZNfsei,CLUB_TRAINER
8,Jacquenette,Beddoes,jbeddoes7@ow.ly,fT2%mrTC*\M|,CLUB_TRAINER
9,Whitby,Trenchard,wtrenchard8@sakura.ne.jp,qE3+1~$96Oa,NATIONAL_TRAINER
10,Jared,Linley,jlinley9@delicious.com,mB4=*_>v7,CLUB_TRAINER
11,Frank,Lucius,fluciusa@ameblo.jp,hU2+bsyb7MJfh!,CLUB_TRAINER
12,Amby,Atwel,aatwelb@jigsy.com,gO2/HYugBqax=D~,CLUB_TRAINER
13,Kriste,Fewster,kfewsterc@kickstarter.com,"cA2!u.vi02P""Jv>q",CLUB_TRAINER
14,Terry,Myrie,tmyried@uiuc.edu,rH2'X#x<~<IAH|,NATIONAL_TRAINER
15,Douglas,Harbidge,dharbidgee@diigo.com,iE1+4c(y'!FT?,CLUB_TRAINER
16,Becky,Rickman,brickmanf@canalblog.com,dA0>'*8>!f,CLUB_TRAINER
17,Melonie,Sarch,msarchg@youtu.be,wM7/B8u!!MA.Fyfo,NATIONAL_TRAINER
18,Rosabelle,Orange,rorangeh@intel.com,hH4*/QZ*BLa&,CLUB_TRAINER
19,Arv,Ternault,aternaulti@earthlink.net,iB8<%tsQ,CLUB_TRAINER
20,Jeni,Clarycott,jclarycottj@bbc.co.uk,cD0'uPRb6g,CLUB_TRAINER
21,Katharina,Wallis,kwallisk@posterous.com,pL6{6o($X49Psm,NATIONAL_TRAINER
22,Menard,Roelvink,mroelvinkl@icq.com,"hI7,+raDd",CLUB_TRAINER
23,Ive,Vearncomb,ivearncombm@google.ru,mX2?OO_l,CLUB_TRAINER
24,Domingo,Nolleth,dnollethn@technorati.com,"cA4.""`x,q",CLUB_TRAINER
25,Trefor,MacGebenay,tmacgebenayo@pagesperso-orange.fr,lB5<v4sW?Er*VnZ,CLUB_TRAINER
26,Alva,Ruddiforth,aruddiforthp@4shared.com,tV9(?B\8,CLUB_TRAINER
27,Kristian,Bakes,kbakesq@army.mil,"yT1/8,)ff",CLUB_TRAINER
28,Margy,Stanger,mstangerr@mlb.com,dS0_vp4M8rY,CLUB_TRAINER
29,Wilburt,Bonn,wbonns@skyrock.com,lE9/aO8wG,CLUB_TRAINER
30,Jan,Oven,jovent@blogtalkradio.com,tV1(_h(dY`,CLUB_TRAINER
31,Danni,Schermick,dschermicku@yahoo.com,mX5$C2F',CLUB_TRAINER
32,Nisse,Tythacott,ntythacottv@goodreads.com,yE4)EDE/Qx'o,CLUB_TRAINER
33,Anabella,Ruseworth,aruseworthw@smugmug.com,xZ2/dX9j,NATIONAL_TRAINER
34,Rodolphe,Boyne,rboynex@redcross.org,uT8`qGiN!,CLUB_TRAINER
35,Xenia,Ragbourne,xragbourney@adobe.com,xY0)MBj{Qp`,CLUB_TRAINER
36,Eugene,Shulem,eshulemz@chicagotribune.com,eU0_>@kCe9Vp,CLUB_TRAINER
37,Sapphira,Dadswell,sdadswell10@amazonaws.com,yL9\9ye(,NATIONAL_TRAINER
38,Lenore,Orwin,lorwin11@nymag.com,"iJ7,rcS{+DDqdH",CLUB_TRAINER
39,Emilee,Cuseick,ecuseick12@upenn.edu,kZ0_+DqX,NATIONAL_TRAINER
40,Joscelin,Kittles,jkittles13@nih.gov,"zC3&6i/""zUcH",CLUB_TRAINER
41,Donovan,Larway,dlarway14@xing.com,"pQ5!""6QWlBgaWN$",CLUB_TRAINER
42,Roscoe,Chedgey,rchedgey15@baidu.com,"nN9(b3>P~C#DP,s",CLUB_TRAINER
43,Aloisia,Gribbon,agribbon16@gizmodo.com,iM7@z>.aj`,CLUB_TRAINER
44,Lettie,Pirelli,lpirelli17@dailymail.co.uk,dL0/LtXmI/fHlP,CLUB_TRAINER
45,Kay,Lebang,klebang18@dion.ne.jp,fQ2!#Ulc7BvVW,NATIONAL_TRAINER
46,Laurens,Kilford,lkilford19@ow.ly,dW9<k3N`<a1,NATIONAL_TRAINER
47,Winston,Iamittii,wiamittii1a@creativecommons.org,tA4\@+&Rtobf,CLUB_TRAINER
48,Edyth,Hollingdale,ehollingdale1b@upenn.edu,"cZ0|6w*h/,X</X",CLUB_TRAINER
49,Elizabet,Syme,esyme1c@unc.edu,jK4``MZp{TfxR\&,CLUB_TRAINER
50,Wiley,Moorhouse,wmoorhouse1d@sitemeter.com,"wY9,KldHFzJ",NATIONAL_TRAINER
51,Melissa,Rubinowitz,mrubinowitz1e@answers.com,jY1<6Ih8,CLUB_TRAINER
52,Kile,Tubbs,ktubbs1f@wired.com,mS2&!6OVS,CLUB_TRAINER
53,Vasily,Minichillo,vminichillo1g@si.edu,cS1?z%m3#~`daXg&,CLUB_TRAINER
54,Becki,Babbage,bbabbage1h@oakley.com,yP3/4a6B,CLUB_TRAINER
55,Barbette,Vagg,bvagg1i@zimbio.com,cB0&)>XVFxj5K,CLUB_TRAINER
56,Milo,Crebo,mcrebo1j@topsy.com,"dW1)6v""@ANz'~j)E",CLUB_TRAINER
57,Derk,Tremayne,dtremayne1k@w3.org,rE1+qzBHnO>X,CLUB_TRAINER
58,Siffre,Dorward,sdorward1l@cdbaby.com,eG3.$imDU$?O,CLUB_TRAINER
59,Aurore,Maine,amaine1m@paginegialle.it,"iV8,\jBH~\",NATIONAL_TRAINER
60,Mellie,Kerfut,mkerfut1n@fema.gov,xV7#E3a)3b,NATIONAL_TRAINER
61,Norbie,Seaking,nseaking1o@sciencedirect.com,"qG8,GJ_$ekgFB%(E",NATIONAL_TRAINER
62,Ash,Waller-Bridge,awallerbridge1p@123-reg.co.uk,xQ4(Z8JL><),CLUB_TRAINER
63,Nickie,Eliot,neliot1q@squarespace.com,fI3/kA1X4\\59r,NATIONAL_TRAINER
64,Keefe,Raggles,kraggles1r@google.com.au,jK8.{rg/l,CLUB_TRAINER
65,Noak,Cornu,ncornu1s@hatena.ne.jp,lM6%6<O_),CLUB_TRAINER
66,Sibeal,Brumen,sbrumen1t@chron.com,"pD6=""2Wo>dn4",CLUB_TRAINER
67,Barn,Carlsson,bcarlsson1u@cdbaby.com,"mY7'_Aq0""vnZ9",CLUB_TRAINER
68,Sybilla,Puddin,spuddin1v@cpanel.net,kN3@&i7qp)J$@07`,CLUB_TRAINER
69,Lucina,Seefus,lseefus1w@php.net,"sG1,/ej&IQ4OJA",CLUB_TRAINER
70,Thea,Gomm,tgomm1x@gnu.org,cD7})t.g2X}*I!q,CLUB_TRAINER
71,Stefano,Goulder,sgoulder1y@yahoo.co.jp,zK7{!#Um`,CLUB_TRAINER
72,Mariska,Sheerin,msheerin1z@indiegogo.com,hV2#d&gk}08PE4,CLUB_TRAINER
73,Cortie,Cheal,ccheal20@com.com,"kH3,pk/q",CLUB_TRAINER
74,Barb,Pellamont,bpellamont21@reuters.com,mD1#ws}S,CLUB_TRAINER
75,Prudi,Timothy,ptimothy22@angelfire.com,"uG2$oFSIYU'R)@"",",NATIONAL_TRAINER
76,Daryl,Woolham,dwoolham23@linkedin.com,kJ0}<\ljJ{&U,CLUB_TRAINER
77,Rhiamon,Beggin,rbeggin24@wufoo.com,sD5&1vGqpZnt<e,CLUB_TRAINER
78,Germaine,Yoxall,gyoxall25@epa.gov,lU6'd|$?CX,CLUB_TRAINER
79,Doralyn,Meletti,dmeletti26@narod.ru,aK8~fSlV|,CLUB_TRAINER
80,Althea,Parsell,aparsell27@fotki.com,"rZ8|qq`5,&",CLUB_TRAINER
81,Brit,O'Hingerty,bohingerty28@purevolume.com,aF0)!a>Dvpq,NATIONAL_TRAINER
82,Kaylil,McGarvey,kmcgarvey29@gov.uk,wP5=DzJ8S>72X,CLUB_TRAINER
83,Marguerite,Gannon,mgannon2a@spotify.com,tI0(x}bS2W?\C,CLUB_TRAINER
84,Izak,Kettlewell,ikettlewell2b@jalbum.net,hJ4_<jwK{pGYL,CLUB_TRAINER
85,Tadeo,Nourse,tnourse2c@tuttocitta.it,fW6#A\3C)7/rN,CLUB_TRAINER
86,Joellen,Canto,jcanto2d@senate.gov,zL7<037VusmgJF,CLUB_TRAINER
87,Daffi,Purver,dpurver2e@wordpress.org,yC9|baUORhD\aj|,CLUB_TRAINER
88,Krisha,Spracklin,kspracklin2f@usatoday.com,"pV2,<QKk~""z&oB",CLUB_TRAINER
89,Ailis,Bowell,abowell2g@tamu.edu,gP1!#cnaeC8t,CLUB_TRAINER
90,Judas,Gossington,jgossington2h@yellowpages.com,wC0?Xy|<.=,CLUB_TRAINER
91,Gavrielle,Hedgeley,ghedgeley2i@mapquest.com,vJ4?NMN/,CLUB_TRAINER
92,Edie,Yerrington,eyerrington2j@reuters.com,vP2%8F>o\g~9Z*,NATIONAL_TRAINER
93,Malva,Skitral,mskitral2k@reference.com,iQ9|THj_,CLUB_TRAINER
94,Dolph,De Avenell,ddeavenell2l@microsoft.com,"nP9'*{""@9iQ",CLUB_TRAINER
95,Jecho,Le Noir,jlenoir2m@mashable.com,iZ5'9VykRm2,CLUB_TRAINER
96,Bernadina,Arthurs,barthurs2n@nih.gov,hI5#<B0yED?|Ro,CLUB_TRAINER
97,May,Sugar,msugar2o@1688.com,bX2}32cE+),NATIONAL_TRAINER
98,Richie,Skeggs,rskeggs2p@google.com,bR8(f9gW7U,CLUB_TRAINER
99,Talia,Krollmann,tkrollmann2q@army.mil,iF8?AAf{L,NATIONAL_TRAINER
100,Basil,Jann,bjann2r@java.com,"mR7`ejX""C5lUO/4",CLUB_TRAINER
101,Adelice,Soper,asoper2s@tuttocitta.it,iF5$Q')#fbs,CLUB_TRAINER
102,Cassy,Rayman,crayman2t@mashable.com,pJ4`H@79vu)AaH,CLUB_TRAINER
103,Guthry,Hastewell,ghastewell2u@mapy.cz,eL9$~$Y1iEfb_X,CLUB_TRAINER
104,Phoebe,Cottle,pcottle2v@toplist.cz,"dT4|rs,(lKo",CLUB_TRAINER
105,Jorgan,Deetch,jdeetch2w@addtoany.com,kX1(MRP*#4uEp)lo,CLUB_TRAINER
106,Norry,Drakeley,ndrakeley2x@skyrock.com,"bR0,<!rERi~z3",CLUB_TRAINER
107,Allix,Iwanicki,aiwanicki2y@xing.com,"oS9.,RO3oZlU\bjv",CLUB_TRAINER
108,Maitilde,Ilive,milive2z@scientificamerican.com,uJ7%*T}Y,CLUB_TRAINER
109,Jolyn,Wilshere,jwilshere30@eepurl.com,rC7'haL?JS6s9J,NATIONAL_TRAINER
110,Delinda,Jantot,djantot31@deviantart.com,wF0=?X~k3CH&J$,CLUB_TRAINER
111,Faunie,Sanches,fsanches32@nba.com,tB1*aO3Kr,CLUB_TRAINER
112,Cyndi,Loadwick,cloadwick33@amazon.de,uI2=RTy<8,CLUB_TRAINER
113,Chance,Pratton,cpratton34@statcounter.com,cL2<muk\z,CLUB_TRAINER
114,Kenny,Vint,kvint35@ucsd.edu,jI9|5fi%X*01@,CLUB_TRAINER
115,Filippo,Packwood,fpackwood36@nps.gov,mX7<R4nBVjFr,CLUB_TRAINER
116,Udell,Knott,uknott37@google.nl,dK8|N`Zo1q3DE,CLUB_TRAINER
117,Bobbi,Phillot,bphillot38@sohu.com,mI9|*phn7``|+V,CLUB_TRAINER
118,Guy,Etchingham,getchingham39@fema.gov,"fB4_uK,Yk=Vo`R0",CLUB_TRAINER
119,Liam,Lifton,llifton3a@lulu.com,fH9\(5)2)'R6sR,CLUB_TRAINER
120,Gleda,Downgate,gdowngate3b@businesswire.com,"tV3+5~,+mTMi",CLUB_TRAINER
121,Gui,Peddowe,gpeddowe3c@google.cn,pW6+ECtZ|i,CLUB_TRAINER
122,Rik,Fitchett,rfitchett3d@auda.org.au,jH8}eWCANH,NATIONAL_TRAINER
123,Linoel,Mushrow,lmushrow3e@wsj.com,lC0`LJJ{Th_k/,CLUB_TRAINER
124,Renado,Cuskery,rcuskery3f@about.me,zU2>ub9|F#,CLUB_TRAINER
125,Berna,Wallentin,bwallentin3g@yolasite.com,gT0+>RG~lt0Q!<,CLUB_TRAINER
126,Arvin,Dwelley,adwelley3h@mtv.com,"aB2+Fh,%%2O",CLUB_TRAINER
127,Rollo,Allans,rallans3i@princeton.edu,qW6>8+\InV#pL,CLUB_TRAINER
128,Aleda,Beatty,abeatty3j@twitpic.com,rR8`S)/GmCfr+iE/,CLUB_TRAINER
129,Mozes,Picford,mpicford3k@amazon.co.jp,gP4#8y)j&,CLUB_TRAINER
130,Clayson,Coare,ccoare3l@yandex.ru,"rR7'sxMYh,3C,M",CLUB_TRAINER
131,Garik,Varrow,gvarrow3m@sina.com.cn,"eJ1')dM,",CLUB_TRAINER
132,Chad,Morales,cmorales3n@ft.com,kK7={W001,CLUB_TRAINER
133,Sheilah,Jaffra,sjaffra3o@ebay.com,wL4=TA>ksFIaaP=w,CLUB_TRAINER
134,Dalton,Carss,dcarss3p@harvard.edu,hF7.x5z=0,NATIONAL_TRAINER
135,Cassie,Buttrey,cbuttrey3q@jigsy.com,iY7@~Ymt9+%YL,CLUB_TRAINER
136,Gardy,Clapison,gclapison3r@jiathis.com,pG9\V}gJZ,CLUB_TRAINER
137,Tabbi,Feldhorn,tfeldhorn3s@whitehouse.gov,qI3}(Q.iw`a6k,CLUB_TRAINER
138,Fairfax,Masserel,fmasserel3t@prlog.org,fG1<e6N5Ygk,CLUB_TRAINER
139,Aylmar,Christofle,achristofle3u@google.ru,aP0@82nFylwiTUJ<,NATIONAL_TRAINER
140,Manny,Haythorn,mhaythorn3v@ft.com,tI1=BeSF,CLUB_TRAINER
141,Karly,Golthorpp,kgolthorpp3w@tinypic.com,"pX2.6',8l?aYvC",CLUB_TRAINER
142,Robinet,MacAulay,rmacaulay3x@mtv.com,"hG2?6q|,",CLUB_TRAINER
143,Brit,Bathoe,bbathoe3y@imageshack.us,pL0!Z3bk8}\,CLUB_TRAINER
144,Norean,Sleeman,nsleeman3z@cnet.com,sK0`6FyVMh,CLUB_TRAINER
145,Luciana,McGeraghty,lmcgeraghty40@adobe.com,yY5)y/bG|+,CLUB_TRAINER
146,Ramonda,Quennell,rquennell41@xing.com,lV5#ACsk/?5x6x,CLUB_TRAINER
147,Chiquia,Deluce,cdeluce42@storify.com,qS3`=!GVw8y5F),CLUB_TRAINER
148,Carmine,Meneur,cmeneur43@mlb.com,fC0!SX$q9>??0!,CLUB_TRAINER
149,Georgetta,MacGillicuddy,gmacgillicuddy44@mit.edu,qE5?h)rzp\4?,CLUB_TRAINER
150,Fernandina,Scading,fscading45@cpanel.net,"rM9,GJF}?LHS_E",CLUB_TRAINER
